{"cameraMode":{"drawMode":0,"name":"Shaded","section":"Shading Mode"},"sceneLighting":true,"audioPlay":false,"sceneViewState":{"m_AlwaysRefresh":false,"showFog":true,"showSkybox":true,"showFlares":true,"showImageEffects":true,"showParticleSystems":true,"showVisualEffectGraphs":true,"m_FxEnabled":true},"in2DMode":false,"pivot":{"x":10.603464126586914,"y":17.796871185302736,"z":46.95734786987305},"rotation":{"x":-0.0022746955510228874,"y":-0.9706699252128601,"z":0.24094772338867188,"w":-0.009305157698690892},"size":0.4889732003211975,"orthographic":false}