{"cameraMode":{"drawMode":0,"name":"Shaded","section":"Shading Mode"},"sceneLighting":false,"audioPlay":false,"sceneViewState":{"m_AlwaysRefresh":false,"showFog":true,"showSkybox":false,"showFlares":true,"showImageEffects":true,"showParticleSystems":true,"showVisualEffectGraphs":true,"m_FxEnabled":true},"in2DMode":false,"pivot":{"x":392.7350158691406,"y":612.0401611328125,"z":-101.82147979736328},"rotation":{"x":0.007752436213195324,"y":-0.11971577256917954,"z":0.0009739407105371356,"w":0.99281245470047},"size":303.1178283691406,"orthographic":false}